Workbook

Sheet Executive Summary
B2: Sales Performance Analysis — FY2025 | a multinational retail group
B3: Prepared by the Corporate Strategy & Analytics Team — the parent holding group
B5: Key Metric | C5: Value
B6: Total Revenue | C6: =SUM('Monthly Sales'!C2:C13)
B7: Total Units Sold | C7: =SUM('Monthly Sales'!D2:D13)
B8: Avg Order Value | C8: ='Monthly Sales'!C14/'Monthly Sales'!D14
B9: YoY Growth | C9: =(SUM('Monthly Sales'!C2:C13)-SUM('Monthly Sales'!E2:E13))/SUM('Monthly Sales'!E2:E13)
B10: Top Region | C10: =INDEX('Regional Sales'!A2:A6,MATCH(MAX('Regional Sales'!C2:C6),'Regional Sales'!C2:C6,0))
B11: Top Product | C11: =INDEX('Product Mix'!A2:A8,MATCH(MAX('Product Mix'!C2:C8),'Product Mix'!C2:C8,0))
B13: Key Findings
B14: 1. Revenue grew year-over-year, led by strong Q4 seasonal demand.
B15: 2. The West region generated the highest sales volume; the North region lags behind plan.
B16: 3. Electronics is the top-performing product category by revenue contribution.
B17: 4. Average order value increased slightly, suggesting effective upsell/bundle strategies.
B18: 5. Sales show clear seasonality, peaking in November–December.

Sheet Monthly Sales
A1: Month | B1: Year | C1: Revenue | D1: Units Sold | E1: Prior Year Revenue
A2: Jan | B2: 2025 | C2: 74687 | D2: 1294 | E2: 64985
A3: Feb | B3: 2025 | C3: 77872 | D3: 1485 | E3: 70254
A4: Mar | B4: 2025 | C4: 86732 | D4: 1526 | E4: 81653
A5: Apr | B5: 2025 | C5: 74744 | D5: 1299 | E5: 67565
A6: May | B6: 2025 | C6: 90735 | D6: 2015 | E6: 81898
A7: Jun | B7: 2025 | C7: 99828 | D7: 2061 | E7: 85113
A8: Jul | B8: 2025 | C8: 104973 | D8: 2309 | E8: 99660
A9: Aug | B9: 2025 | C9: 88626 | D9: 1500 | E9: 80602
A10: Sep | B10: 2025 | C10: 82439 | D10: 1606 | E10: 78232
A11: Oct | B11: 2025 | C11: 83313 | D11: 1616 | E11: 74757
A12: Nov | B12: 2025 | C12: 109626 | D12: 2262 | E12: 101652
A13: Dec | B13: 2025 | C13: 117160 | D13: 2374 | E13: 111285
A14: Total | C14: =SUM(C2:C13) | D14: =SUM(D2:D13) | E14: =SUM(E2:E13)

Sheet Regional Sales
A1: Region | B1: Revenue | C1: Units Sold | D1: Customers | E1: Avg Order Value
A2: North | B2: 620000 | C2: 11200 | D2: 340 | E2: =B2/C2*1000
A3: South | B3: 780000 | C3: 14300 | D3: 410 | E3: =B3/C3*1000
A4: East | B4: 910000 | C4: 16800 | D4: 480 | E4: =B4/C4*1000
A5: West | B5: 1150000 | C5: 20500 | D5: 560 | E5: =B5/C5*1000
A6: Central | B6: 540000 | C6: 9800 | D6: 290 | E6: =B6/C6*1000

Sheet Product Mix
A1: Product Category | B1: Units Sold | C1: Revenue | D1: % of Total Revenue
A2: Electronics | B2: 18500 | C2: 1480000 | D2: =C2/SUM($C$2:$C$8)
A3: Home & Kitchen | B3: 14200 | C3: 710000 | D3: =C3/SUM($C$2:$C$8)
A4: Apparel | B4: 21000 | C4: 630000 | D4: =C4/SUM($C$2:$C$8)
A5: Sporting Goods | B5: 9800 | C5: 490000 | D5: =C5/SUM($C$2:$C$8)
A6: Beauty | B6: 12300 | C6: 369000 | D6: =C6/SUM($C$2:$C$8)
A7: Toys | B7: 8600 | C7: 258000 | D7: =C7/SUM($C$2:$C$8)
A8: Office Supplies | B8: 6400 | C8: 192000 | D8: =C8/SUM($C$2:$C$8)
