Workbook

Sheet Executive Summary
B2: Customer Segmentation Analysis (RFM) | a multinational retail group
B3: Prepared by the Customer Insights & Analytics Team — the parent holding group
B5: Methodology
B6: Customers are scored 1-5 on Recency (days since last purchase, lower=better), Frequency (number of orders), and Monetary value (total spend). Scores combine into segments such as Champions, Loyal, At Risk, and Lost.
B9: Key Findings
B10: 1. 'Champions' represent the smallest customer count but the largest share of revenue.
B11: 2. A significant 'At Risk' segment has high past spend but no recent purchases — priority for win-back campaigns.
B12: 3. 'New Customers' should be nurtured with onboarding offers to drive repeat purchase frequency.
B13: 4. 'Lost' customers show low recency, frequency, and monetary scores — low ROI for reactivation.
B14: 5. Loyalty correlates strongly with order frequency rather than order size.

Sheet Customer Data
A1: Customer ID | B1: Customer Name | C1: Recency (days) | D1: Frequency (orders) | E1: Monetary ($) | F1: R Score | G1: F Score | H1: M Score | I1: RFM Total | J1: Segment
A2: C1000 | B2: Customer 001 | C2: 50 | D2: 3 | E2: 333.2 | F2: =IF(C2<=10,5,IF(C2<=30,4,IF(C2<=60,3,IF(C2<=120,2,1)))) | G2: =IF(D2>=10,5,IF(D2>=7,4,IF(D2>=4,3,IF(D2>=2,2,1)))) | H2: =IF(E2>=1000,5,IF(E2>=600,4,IF(E2>=300,3,IF(E2>=100,2,1)))) | I2: =F2+G2+H2 | J2: =IF(I2>=13,"Champions",IF(I2>=10,"Loyal Customers",IF(AND(F2<=2,H2>=3),"At Risk",IF(I2>=7,"Potential Loyalist",IF(I2<=5,"Lost","New Customers")))))
A3: C1001 | B3: Customer 002 | C3: 3 | D3: 2 | E3: 375.66 | F3: =IF(C3<=10,5,IF(C3<=30,4,IF(C3<=60,3,IF(C3<=120,2,1)))) | G3: =IF(D3>=10,5,IF(D3>=7,4,IF(D3>=4,3,IF(D3>=2,2,1)))) | H3: =IF(E3>=1000,5,IF(E3>=600,4,IF(E3>=300,3,IF(E3>=100,2,1)))) | I3: =F3+G3+H3 | J3: =IF(I3>=13,"Champions",IF(I3>=10,"Loyal Customers",IF(AND(F3<=2,H3>=3),"At Risk",IF(I3>=7,"Potential Loyalist",IF(I3<=5,"Lost","New Customers")))))
A4: C1002 | B4: Customer 003 | C4: 8 | D4: 6 | E4: 869.41 | F4: =IF(C4<=10,5,IF(C4<=30,4,IF(C4<=60,3,IF(C4<=120,2,1)))) | G4: =IF(D4>=10,5,IF(D4>=7,4,IF(D4>=4,3,IF(D4>=2,2,1)))) | H4: =IF(E4>=1000,5,IF(E4>=600,4,IF(E4>=300,3,IF(E4>=100,2,1)))) | I4: =F4+G4+H4 | J4: =IF(I4>=13,"Champions",IF(I4>=10,"Loyal Customers",IF(AND(F4<=2,H4>=3),"At Risk",IF(I4>=7,"Potential Loyalist",IF(I4<=5,"Lost","New Customers")))))
A5: C1003 | B5: Customer 004 | C5: 120 | D5: 4 | E5: 187 | F5: =IF(C5<=10,5,IF(C5<=30,4,IF(C5<=60,3,IF(C5<=120,2,1)))) | G5: =IF(D5>=10,5,IF(D5>=7,4,IF(D5>=4,3,IF(D5>=2,2,1)))) | H5: =IF(E5>=1000,5,IF(E5>=600,4,IF(E5>=300,3,IF(E5>=100,2,1)))) | I5: =F5+G5+H5 | J5: =IF(I5>=13,"Champions",IF(I5>=10,"Loyal Customers",IF(AND(F5<=2,H5>=3),"At Risk",IF(I5>=7,"Potential Loyalist",IF(I5<=5,"Lost","New Customers")))))
A6: C1004 | B6: Customer 005 | C6: 70 | D6: 8 | E6: 420.59 | F6: =IF(C6<=10,5,IF(C6<=30,4,IF(C6<=60,3,IF(C6<=120,2,1)))) | G6: =IF(D6>=10,5,IF(D6>=7,4,IF(D6>=4,3,IF(D6>=2,2,1)))) | H6: =IF(E6>=1000,5,IF(E6>=600,4,IF(E6>=300,3,IF(E6>=100,2,1)))) | I6: =F6+G6+H6 | J6: =IF(I6>=13,"Champions",IF(I6>=10,"Loyal Customers",IF(AND(F6<=2,H6>=3),"At Risk",IF(I6>=7,"Potential Loyalist",IF(I6<=5,"Lost","New Customers")))))
A7: C1005 | B7: Customer 006 | C7: 8 | D7: 12 | E7: 1396.96 | F7: =IF(C7<=10,5,IF(C7<=30,4,IF(C7<=60,3,IF(C7<=120,2,1)))) | G7: =IF(D7>=10,5,IF(D7>=7,4,IF(D7>=4,3,IF(D7>=2,2,1)))) | H7: =IF(E7>=1000,5,IF(E7>=600,4,IF(E7>=300,3,IF(E7>=100,2,1)))) | I7: =F7+G7+H7 | J7: =IF(I7>=13,"Champions",IF(I7>=10,"Loyal Customers",IF(AND(F7<=2,H7>=3),"At Risk",IF(I7>=7,"Potential Loyalist",IF(I7<=5,"Lost","New Customers")))))
A8: C1006 | B8: Customer 007 | C8: 180 | D8: 2 | E8: 421.08 | F8: =IF(C8<=10,5,IF(C8<=30,4,IF(C8<=60,3,IF(C8<=120,2,1)))) | G8: =IF(D8>=10,5,IF(D8>=7,4,IF(D8>=4,3,IF(D8>=2,2,1)))) | H8: =IF(E8>=1000,5,IF(E8>=600,4,IF(E8>=300,3,IF(E8>=100,2,1)))) | I8: =F8+G8+H8 | J8: =IF(I8>=13,"Champions",IF(I8>=10,"Loyal Customers",IF(AND(F8<=2,H8>=3),"At Risk",IF(I8>=7,"Potential Loyalist",IF(I8<=5,"Lost","New Customers")))))
A9: C1007 | B9: Customer 008 | C9: 240 | D9: 15 | E9: 3158.81 | F9: =IF(C9<=10,5,IF(C9<=30,4,IF(C9<=60,3,IF(C9<=120,2,1)))) | G9: =IF(D9>=10,5,IF(D9>=7,4,IF(D9>=4,3,IF(D9>=2,2,1)))) | H9: =IF(E9>=1000,5,IF(E9>=600,4,IF(E9>=300,3,IF(E9>=100,2,1)))) | I9: =F9+G9+H9 | J9: =IF(I9>=13,"Champions",IF(I9>=10,"Loyal Customers",IF(AND(F9<=2,H9>=3),"At Risk",IF(I9>=7,"Potential Loyalist",IF(I9<=5,"Lost","New Customers")))))
A10: C1008 | B10: Customer 009 | C10: 180 | D10: 15 | E10: 1671.04 | F10: =IF(C10<=10,5,IF(C10<=30,4,IF(C10<=60,3,IF(C10<=120,2,1)))) | G10: =IF(D10>=10,5,IF(D10>=7,4,IF(D10>=4,3,IF(D10>=2,2,1)))) | H10: =IF(E10>=1000,5,IF(E10>=600,4,IF(E10>=300,3,IF(E10>=100,2,1)))) | I10: =F10+G10+H10 | J10: =IF(I10>=13,"Champions",IF(I10>=10,"Loyal Customers",IF(AND(F10<=2,H10>=3),"At Risk",IF(I10>=7,"Potential Loyalist",IF(I10<=5,"Lost","New Customers")))))
A11: C1009 | B11: Customer 010 | C11: 20 | D11: 1 | E11: 140.2 | F11: =IF(C11<=10,5,IF(C11<=30,4,IF(C11<=60,3,IF(C11<=120,2,1)))) | G11: =IF(D11>=10,5,IF(D11>=7,4,IF(D11>=4,3,IF(D11>=2,2,1)))) | H11: =IF(E11>=1000,5,IF(E11>=600,4,IF(E11>=300,3,IF(E11>=100,2,1)))) | I11: =F11+G11+H11 | J11: =IF(I11>=13,"Champions",IF(I11>=10,"Loyal Customers",IF(AND(F11<=2,H11>=3),"At Risk",IF(I11>=7,"Potential Loyalist",IF(I11<=5,"Lost","New Customers")))))
A12: C1010 | B12: Customer 011 | C12: 15 | D12: 5 | E12: 577.23 | F12: =IF(C12<=10,5,IF(C12<=30,4,IF(C12<=60,3,IF(C12<=120,2,1)))) | G12: =IF(D12>=10,5,IF(D12>=7,4,IF(D12>=4,3,IF(D12>=2,2,1)))) | H12: =IF(E12>=1000,5,IF(E12>=600,4,IF(E12>=300,3,IF(E12>=100,2,1)))) | I12: =F12+G12+H12 | J12: =IF(I12>=13,"Champions",IF(I12>=10,"Loyal Customers",IF(AND(F12<=2,H12>=3),"At Risk",IF(I12>=7,"Potential Loyalist",IF(I12<=5,"Lost","New Customers")))))
A13: C1011 | B13: Customer 012 | C13: 120 | D13: 2 | E13: 285.53 | F13: =IF(C13<=10,5,IF(C13<=30,4,IF(C13<=60,3,IF(C13<=120,2,1)))) | G13: =IF(D13>=10,5,IF(D13>=7,4,IF(D13>=4,3,IF(D13>=2,2,1)))) | H13: =IF(E13>=1000,5,IF(E13>=600,4,IF(E13>=300,3,IF(E13>=100,2,1)))) | I13: =F13+G13+H13 | J13: =IF(I13>=13,"Champions",IF(I13>=10,"Loyal Customers",IF(AND(F13<=2,H13>=3),"At Risk",IF(I13>=7,"Potential Loyalist",IF(I13<=5,"Lost","New Customers")))))
... A61: C1059 | B61: Customer 060 | C61: 240 | D61: 5 | E61: 1059.92 | F61: =IF(C61<=10,5,IF(C61<=30,4,IF(C61<=60,3,IF(C61<=120,2,1)))) | G61: =IF(D61>=10,5,IF(D61>=7,4,IF(D61>=4,3,IF(D61>=2,2,1)))) | H61: =IF(E61>=1000,5,IF(E61>=600,4,IF(E61>=300,3,IF(E61>=100,2,1)))) | I61: =F61+G61+H61 | J61: =IF(I61>=13,"Champions",IF(I61>=10,"Loyal Customers",IF(AND(F61<=2,H61>=3),"At Risk",IF(I61>=7,"Potential Loyalist",IF(I61<=5,"Lost","New Customers")))))

Sheet Segment Summary
A1: Segment | B1: Customer Count | C1: Total Revenue | D1: Avg Spend per Customer | E1: % of Customers
A2: Champions | B2: =COUNTIF('Customer Data'!J:J,A2) | C2: =SUMIF('Customer Data'!J:J,A2,'Customer Data'!E:E) | D2: =IF(B2=0,0,C2/B2) | E2: =B2/SUM($B$2:$B$7)
A3: Loyal Customers | B3: =COUNTIF('Customer Data'!J:J,A3) | C3: =SUMIF('Customer Data'!J:J,A3,'Customer Data'!E:E) | D3: =IF(B3=0,0,C3/B3) | E3: =B3/SUM($B$2:$B$7)
A4: Potential Loyalist | B4: =COUNTIF('Customer Data'!J:J,A4) | C4: =SUMIF('Customer Data'!J:J,A4,'Customer Data'!E:E) | D4: =IF(B4=0,0,C4/B4) | E4: =B4/SUM($B$2:$B$7)
A5: New Customers | B5: =COUNTIF('Customer Data'!J:J,A5) | C5: =SUMIF('Customer Data'!J:J,A5,'Customer Data'!E:E) | D5: =IF(B5=0,0,C5/B5) | E5: =B5/SUM($B$2:$B$7)
A6: At Risk | B6: =COUNTIF('Customer Data'!J:J,A6) | C6: =SUMIF('Customer Data'!J:J,A6,'Customer Data'!E:E) | D6: =IF(B6=0,0,C6/B6) | E6: =B6/SUM($B$2:$B$7)
A7: Lost | B7: =COUNTIF('Customer Data'!J:J,A7) | C7: =SUMIF('Customer Data'!J:J,A7,'Customer Data'!E:E) | D7: =IF(B7=0,0,C7/B7) | E7: =B7/SUM($B$2:$B$7)
