Workbook

Sheet Executive Summary
B2: HR & Workforce Analytics | the parent holding group
B3: Prepared by the People Analytics Team — the parent holding group
B5: Key Metric | C5: Value
B6: Total Headcount | C6: =COUNTA('Employee Data'!A2:A81)
B7: Employees Departed (TTM) | C7: =COUNTIF('Employee Data'!H2:H81,"Yes")
B8: Turnover Rate | C8: =C7/C6
B9: Avg Tenure (Years) | C9: =AVERAGE('Employee Data'!F2:F81)
B10: Avg Engagement Score (1-5) | C10: =AVERAGE('Employee Data'!G2:G81)
B11: Avg Salary | C11: =AVERAGE('Employee Data'!E2:E81)
B13: Key Findings
B14: 1. Engineering has the largest headcount but also the highest turnover rate, signaling possible retention risk.
B15: 2. Average tenure is below 3 years company-wide, suggesting opportunities to improve career development paths.
B16: 3. Engagement scores trend lower among employees with under 1 year of tenure — onboarding may need improvement.
B17: 4. Sales shows the highest variance in salary, consistent with commission-based compensation structures.
B18: 5. Departments with higher average engagement scores show visibly lower turnover.

Sheet Employee Data
A1: Employee ID | B1: Department | C1: Job Level | D1: Hire Year | E1: Salary ($) | F1: Tenure (Years) | G1: Engagement Score (1-5) | H1: Departed (TTM)
A2: E2000 | B2: Sales | C2: Manager | D2: 2020 | E2: 122000 | F2: 5.7 | G2: 3.4 | H2: Yes
A3: E2001 | B3: HR | C3: Senior | D3: 2021 | E3: 80700 | F3: 4.8 | G3: 3.4 | H3: No
A4: E2002 | B4: Customer Support | C4: Lead | D4: 2020 | E4: 72700 | F4: 5.8 | G4: 4.2 | H4: Yes
A5: E2003 | B5: Finance | C5: Mid | D5: 2018 | E5: 74000 | F5: 7.7 | G5: 3.3 | H5: No
A6: E2004 | B6: Marketing | C6: Lead | D6: 2024 | E6: 102700 | F6: 1.6 | G6: 2.1 | H6: No
A7: E2005 | B7: Engineering | C7: Mid | D7: 2022 | E7: 94000 | F7: 3.1 | G7: 4.2 | H7: No
A8: E2006 | B8: Sales | C8: Manager | D8: 2024 | E8: 120700 | F8: 1.5 | G8: 3.2 | H8: No
A9: E2007 | B9: Operations | C9: Junior | D9: 2022 | E9: 54100 | F9: 3.1 | G9: 3.9 | H9: No
A10: E2008 | B10: Operations | C10: Manager | D10: 2019 | E10: 94600 | F10: 6.4 | G10: 4 | H10: No
A11: E2009 | B11: Engineering | C11: Lead | D11: 2019 | E11: 123800 | F11: 6.7 | G11: 2.8 | H11: No
A12: E2010 | B12: Engineering | C12: Lead | D12: 2024 | E12: 123300 | F12: 1.2 | G12: 3.4 | H12: No
A13: E2011 | B13: Sales | C13: Senior | D13: 2021 | E13: 87300 | F13: 4.1 | G13: 3.5 | H13: No
... A81: E2079 | B81: Customer Support | C81: Mid | D81: 2020 | E81: 51400 | F81: 5.6 | G81: 3.5 | H81: No

Sheet Department Summary
A1: Department | B1: Headcount | C1: Avg Salary | D1: Avg Tenure | E1: Avg Engagement | F1: Departed (TTM) | G1: Turnover Rate
A2: Engineering | B2: =COUNTIF('Employee Data'!B:B,A2) | C2: =AVERAGEIF('Employee Data'!B:B,A2,'Employee Data'!E:E) | D2: =AVERAGEIF('Employee Data'!B:B,A2,'Employee Data'!F:F) | E2: =AVERAGEIF('Employee Data'!B:B,A2,'Employee Data'!G:G) | F2: =COUNTIFS('Employee Data'!B:B,A2,'Employee Data'!H:H,"Yes") | G2: =F2/B2
A3: Sales | B3: =COUNTIF('Employee Data'!B:B,A3) | C3: =AVERAGEIF('Employee Data'!B:B,A3,'Employee Data'!E:E) | D3: =AVERAGEIF('Employee Data'!B:B,A3,'Employee Data'!F:F) | E3: =AVERAGEIF('Employee Data'!B:B,A3,'Employee Data'!G:G) | F3: =COUNTIFS('Employee Data'!B:B,A3,'Employee Data'!H:H,"Yes") | G3: =F3/B3
A4: Marketing | B4: =COUNTIF('Employee Data'!B:B,A4) | C4: =AVERAGEIF('Employee Data'!B:B,A4,'Employee Data'!E:E) | D4: =AVERAGEIF('Employee Data'!B:B,A4,'Employee Data'!F:F) | E4: =AVERAGEIF('Employee Data'!B:B,A4,'Employee Data'!G:G) | F4: =COUNTIFS('Employee Data'!B:B,A4,'Employee Data'!H:H,"Yes") | G4: =F4/B4
A5: Customer Support | B5: =COUNTIF('Employee Data'!B:B,A5) | C5: =AVERAGEIF('Employee Data'!B:B,A5,'Employee Data'!E:E) | D5: =AVERAGEIF('Employee Data'!B:B,A5,'Employee Data'!F:F) | E5: =AVERAGEIF('Employee Data'!B:B,A5,'Employee Data'!G:G) | F5: =COUNTIFS('Employee Data'!B:B,A5,'Employee Data'!H:H,"Yes") | G5: =F5/B5
A6: Finance | B6: =COUNTIF('Employee Data'!B:B,A6) | C6: =AVERAGEIF('Employee Data'!B:B,A6,'Employee Data'!E:E) | D6: =AVERAGEIF('Employee Data'!B:B,A6,'Employee Data'!F:F) | E6: =AVERAGEIF('Employee Data'!B:B,A6,'Employee Data'!G:G) | F6: =COUNTIFS('Employee Data'!B:B,A6,'Employee Data'!H:H,"Yes") | G6: =F6/B6
A7: HR | B7: =COUNTIF('Employee Data'!B:B,A7) | C7: =AVERAGEIF('Employee Data'!B:B,A7,'Employee Data'!E:E) | D7: =AVERAGEIF('Employee Data'!B:B,A7,'Employee Data'!F:F) | E7: =AVERAGEIF('Employee Data'!B:B,A7,'Employee Data'!G:G) | F7: =COUNTIFS('Employee Data'!B:B,A7,'Employee Data'!H:H,"Yes") | G7: =F7/B7
A8: Operations | B8: =COUNTIF('Employee Data'!B:B,A8) | C8: =AVERAGEIF('Employee Data'!B:B,A8,'Employee Data'!E:E) | D8: =AVERAGEIF('Employee Data'!B:B,A8,'Employee Data'!F:F) | E8: =AVERAGEIF('Employee Data'!B:B,A8,'Employee Data'!G:G) | F8: =COUNTIFS('Employee Data'!B:B,A8,'Employee Data'!H:H,"Yes") | G8: =F8/B8
