Workbook

Sheet Executive Summary
B2: Marketing Campaign ROI Analysis | a multinational retail group
B3: Prepared by the Growth Marketing Analytics Team — the parent holding group
B5: Key Metric | C5: Value
B6: Total Ad Spend | C6: =SUM('Campaign Data'!D2:D13)
B7: Total Revenue Generated | C7: =SUM('Campaign Data'!G2:G13)
B8: Overall ROAS | C8: =C7/C6
B9: Total Leads | C9: =SUM('Campaign Data'!E2:E13)
B10: Avg Cost per Lead | C10: =C6/C9
B11: Avg Conversion Rate | C11: =AVERAGE('Campaign Data'!F2:F13)
B13: Key Findings
B14: 1. Paid Social and Email campaigns deliver the strongest ROAS, outperforming the campaign average.
B15: 2. Display advertising shows the highest spend but comparatively weak conversion rates — review targeting.
B16: 3. Search campaigns generate the most leads, but at a higher cost per lead than Email.
B17: 4. Holiday-period campaigns (Nov-Dec) drove the largest single-month revenue contribution.
B18: 5. Reallocating a portion of Display budget toward Email and Paid Social could improve overall ROAS.

Sheet Campaign Data
A1: Campaign Name | B1: Channel | C1: Month | D1: Spend ($) | E1: Leads | F1: Conversion Rate | G1: Revenue ($) | H1: ROAS
A2: Spring Sale Email Blast | B2: Email | C2: Mar | D2: 24800 | E2: 666 | F2: 0.076 | G2: 190190 | H2: =G2/D2
A3: Q2 Search Ads | B3: Search | C3: Apr | D3: 18666.67 | E3: 437 | F3: 0.022 | G3: 75630 | H3: =G3/D3
A4: Summer Social Push | B4: Paid Social | C4: Jun | D4: 26800 | E4: 778 | F4: 0.083 | G4: 119210 | H4: =G4/D4
A5: Display Retargeting | B5: Display | C5: May | D5: 27600 | E5: 1232 | F5: 0.058 | G5: 58010 | H5: =G5/D5
A6: Influencer Partnership | B6: Paid Social | C6: Jul | D6: 6720 | E6: 313 | F6: 0.04 | G6: 39340 | H6: =G6/D6
A7: Back to School Search | B7: Search | C7: Aug | D7: 19133.33 | E7: 967 | F7: 0.076 | G7: 68770 | H7: =G7/D7
A8: Fall Email Nurture | B8: Email | C8: Sep | D8: 24700 | E8: 1314 | F8: 0.02 | G8: 185430 | H8: =G8/D8
A9: Q4 Display Brand Awareness | B9: Display | C9: Oct | D9: 18266.67 | E9: 851 | F9: 0.089 | G9: 42210 | H9: =G9/D9
A10: Black Friday Social | B10: Paid Social | C10: Nov | D10: 12640 | E10: 288 | F10: 0.058 | G10: 68710 | H10: =G10/D10
A11: Holiday Search Surge | B11: Search | C11: Dec | D11: 9000 | E11: 208 | F11: 0.068 | G11: 42780 | H11: =G11/D11
A12: Year-End Email Promo | B12: Email | C12: Dec | D12: 32100 | E12: 1340 | F12: 0.045 | G12: 189470 | H12: =G12/D12
A13: New Year Display Launch | B13: Display | C13: Jan | D13: 15866.67 | E13: 936 | F13: 0.041 | G13: 33670 | H13: =G13/D13

Sheet Channel Summary
A1: Channel | B1: Total Spend | C1: Total Revenue | D1: ROAS | E1: Total Leads | F1: Avg Conversion Rate
A2: Email | B2: =SUMIF('Campaign Data'!B:B,A2,'Campaign Data'!D:D) | C2: =SUMIF('Campaign Data'!B:B,A2,'Campaign Data'!G:G) | D2: =C2/B2 | E2: =SUMIF('Campaign Data'!B:B,A2,'Campaign Data'!E:E) | F2: =AVERAGEIF('Campaign Data'!B:B,A2,'Campaign Data'!F:F)
A3: Search | B3: =SUMIF('Campaign Data'!B:B,A3,'Campaign Data'!D:D) | C3: =SUMIF('Campaign Data'!B:B,A3,'Campaign Data'!G:G) | D3: =C3/B3 | E3: =SUMIF('Campaign Data'!B:B,A3,'Campaign Data'!E:E) | F3: =AVERAGEIF('Campaign Data'!B:B,A3,'Campaign Data'!F:F)
A4: Paid Social | B4: =SUMIF('Campaign Data'!B:B,A4,'Campaign Data'!D:D) | C4: =SUMIF('Campaign Data'!B:B,A4,'Campaign Data'!G:G) | D4: =C4/B4 | E4: =SUMIF('Campaign Data'!B:B,A4,'Campaign Data'!E:E) | F4: =AVERAGEIF('Campaign Data'!B:B,A4,'Campaign Data'!F:F)
A5: Display | B5: =SUMIF('Campaign Data'!B:B,A5,'Campaign Data'!D:D) | C5: =SUMIF('Campaign Data'!B:B,A5,'Campaign Data'!G:G) | D5: =C5/B5 | E5: =SUMIF('Campaign Data'!B:B,A5,'Campaign Data'!E:E) | F5: =AVERAGEIF('Campaign Data'!B:B,A5,'Campaign Data'!F:F)
